id,name,age,location
1,Nguyen Van An,22,Ha Noi
2,Tran Thi Bich,25,Ho Chi Minh
3,Le Hoang Nam,21,Da Nang
4,Pham Thu Huong,28,Ha Noi
5,Vo Minh Duc,24,Can Tho
6,Hoang Thi Lan,30,Hue
7,Dang Quoc Bao,19,Ha Noi
8,Bui Ngoc Mai,26,Ho Chi Minh
9,Do Thanh Tung,23,Da Nang
10,Ngo Phuong Linh,27,Ha Noi
11,Duong Van Hieu,31,Ho Chi Minh
12,Ly Thi Hong,20,Hai Phong
13,Truong Minh Khoa,29,Ha Noi
14,Mai Thanh Ha,22,Ho Chi Minh
15,Dinh Quang Huy,35,Da Nang
16,Vu Thi Ngoc,24,Ha Noi
17,Phan Duc Manh,26,Ho Chi Minh
18,Luong Thi Thao,21,Hue
19,Ta Minh Quan,33,Ha Noi
20,Cao Thi Yen,28,Can Tho
21,Trinh Van Long,25,Ho Chi Minh
22,Chu Thi Diem,23,Ha Noi
23,Lam Quoc Dat,27,Da Nang
24,Ha Thi Kim,30,Ho Chi Minh
25,Tran Duc Phong,20,Ha Noi
26,Nguyen Thi Trang,32,Hai Phong
27,Le Van Thanh,24,Ho Chi Minh
28,Pham Thi Nga,29,Ha Noi
29,Vo Quang Minh,22,Da Nang
30,Hoang Van Tai,26,Hue
31,Dang Thi Phuong,21,Ha Noi
32,Bui Minh Tuan,34,Ho Chi Minh
33,Do Thi Hanh,25,Can Tho
34,Ngo Van Cuong,28,Ha Noi
35,Duong Thi Ly,23,Ho Chi Minh
36,Ly Van Hung,31,Da Nang
37,Truong Thi Loan,27,Ha Noi
38,Mai Van Son,20,Ho Chi Minh
39,Dinh Thi Huyen,33,Hai Phong
40,Vu Van Lam,25,Ha Noi
41,Phan Thi Cam,29,Ho Chi Minh
42,Luong Van Kien,22,Da Nang
43,Ta Thi My,26,Hue
44,Cao Van Phuc,35,Ha Noi
45,Trinh Thi Nhu,24,Ho Chi Minh
46,Chu Van Duy,28,Can Tho
47,Lam Thi Suong,21,Ha Noi
48,Ha Van Binh,30,Ho Chi Minh
49,Tran Thi Quynh,23,Da Nang
50,Nguyen Minh Tri,27,Ha Noi
51,Le Thi Dao,32,Ho Chi Minh
52,Pham Van Hoa,20,Hai Phong
53,Vo Thi Tuyet,25,Ha Noi
54,Hoang Minh Khang,29,Ho Chi Minh
55,Dang Van Phat,24,Da Nang
56,Bui Thi Cuc,34,Hue
57,Do Van Nghia,22,Ha Noi
58,Ngo Thi Sen,26,Ho Chi Minh
59,Duong Van Quyet,31,Can Tho
60,Ly Thi Xuan,28,Ha Noi
61,Truong Van Hai,23,Ho Chi Minh
62,Mai Thi Dung,27,Da Nang
63,Dinh Van Tien,20,Ha Noi
64,Vu Thi Be,33,Ho Chi Minh
65,Phan Van Sang,25,Hai Phong
66,Luong Thi Ut,29,Ha Noi
67,Ta Van Loc,22,Ho Chi Minh
68,Cao Thi Nhung,35,Da Nang
69,Trinh Van Nhan,24,Hue
70,Chu Thi Oanh,28,Ha Noi
71,Lam Van Sy,21,Ho Chi Minh
72,Ha Thi Giang,30,Can Tho
73,Tran Van Lap,26,Ha Noi
74,Nguyen Thi Anh,23,Ho Chi Minh
75,Le Van Trung,32,Da Nang
76,Pham Thi Lien,27,Ha Noi
77,Vo Van Toan,20,Ho Chi Minh
78,Hoang Thi Thuy,25,Hai Phong
79,Dang Van Tin,29,Ha Noi
80,Bui Thi Hue,34,Ho Chi Minh
81,Do Van Khanh,22,Da Nang
82,Ngo Van Doan,26,Hue
83,Duong Thi Tam,31,Ha Noi
84,Ly Van Quy,28,Ho Chi Minh
85,Truong Thi Ngan,23,Can Tho
86,Mai Van Phu,27,Ha Noi
87,Dinh Thi Xuan,20,Ho Chi Minh
88,Vu Van Thang,33,Da Nang
89,Phan Thi Tuoi,25,Ha Noi
90,Luong Van Dat,29,Ho Chi Minh
91,Ta Thi Hien,22,Hai Phong
92,Cao Van Dung,35,Ha Noi
93,Trinh Thi Kim,24,Ho Chi Minh
94,Chu Van Thanh,28,Da Nang
95,Lam Thi Phuong,21,Hue
96,Ha Van Hung,30,Ha Noi
97,Tran Thi Ngat,26,Ho Chi Minh
98,Nguyen Van Bao,23,Can Tho
99,Le Thi Hong,32,Ha Noi
100,Pham Van Quan,27,Ho Chi Minh
